delivery_date,caixas_corretas,caixas_erradas
2026-03-09,7751.0,18
2026-03-12,10921.0,96
2026-03-13,11071.0,17
2026-03-17,7047.0,13
2026-03-18,5239.0,2
2026-03-19,8896.0,46
2026-03-20,18894.0,69
2026-03-23,23163.0,33
2026-03-24,14226.0,13
2026-03-25,18406.0,21
2026-03-26,19032.0,10
2026-03-27,18652.0,42
2026-03-28,14483.0,64
2026-03-30,15524.0,8
2026-03-31,12755.0,1
2026-04-01,16840.0,10
2026-04-02,12982.0,119
2026-04-06,13095.0,7
2026-04-07,16100.0,7
2026-04-08,14791.0,44
2026-04-09,18312.0,23
2026-04-10,18684.0,11
2026-04-13,16637.0,2
2026-04-14,16568.0,44
2026-04-15,17916.0,42
2026-04-16,15362.0,127
2026-04-17,19281.0,57
2026-04-18,11909.0,9
2026-04-20,6147.0,10
2026-04-22,18105.0,18
2026-04-23,17974.0,36
2026-04-24,15852.0,13
2026-04-27,18856.0,32
2026-04-29,25063.0,54
2026-04-30,7636.0,10
2026-05-04,17529.0,82
2026-05-05,15692.0,18
2026-05-06,16718.0,34
2026-05-07,18223.0,10
2026-05-08,17149.0,53
2026-05-11,16967.0,78
2026-05-12,9019.0,17
2026-05-13,14335.0,17
2026-05-14,11605.0,7
2026-05-15,13866.0,11
2026-05-18,15681.0,36
2026-05-19,14744.0,62
2026-05-20,17194.0,33
2026-05-21,18178.0,35
2026-05-22,11923.0,52
2026-05-25,9972.0,8
2026-05-26,19765.0,29
2026-05-28,21938.0,25
2026-05-29,21020.0,53
2026-06-02,8151.0,33
2026-06-03,11591.0,6
2026-06-05,9374.0,112
2026-06-08,9756.0,46
2026-06-09,10597.0,70
2026-06-10,17849.0,78
2026-06-11,12232.0,65
2026-06-12,17649.0,72
2026-06-15,13533.0,14
2026-08-20,15951.0,17
2026-08-21,15201.0,71
2026-08-24,16525.0,22
2026-08-25,14148.0,44
2026-08-26,20549.0,12
2026-08-27,15555.0,102
2026-08-28,15406.0,22
2026-08-31,14285.0,44
2026-09-02,14257.0,110
2026-09-03,12187.0,14
2026-09-04,12744.0,40
2026-09-08,14473.0,27
2026-09-09,19895.0,44
2026-09-16,16994.0,58
2026-09-17,12563.0,23
2026-09-18,16639.0,29
2026-09-21,19632.0,68
2026-09-24,19241.0,24
2026-09-25,13527.0,29
2026-09-28,21673.0,20
2026-09-29,12814.0,8
2026-09-30,29080.0,14
2026-08-13,5807.0,0
2026-03-04,2020.0,0
2026-08-14,6702.0,0
2026-09-11,1398.0,0
2026-03-16,7292.0,0
2026-03-06,2669.0,0
2026-09-22,16837.0,0
2026-08-11,6902.0,0
2026-03-05,2391.0,0
2026-03-10,3558.0,0
2026-08-17,5016.0,0
2026-08-18,7426.0,0
2026-03-11,6534.0,0
