"INÍCIO DA OPERAÇÃO","PRIMEIRA MONTAGEM","ULTIMA MONTAGEM","DURAÇÃO DA MONTAGEM","PRIMEIRA CONFERENCIA","ULTIMA CONFERENCIA","DURAÇÃO DA CONFERENCIA","PRIMEIRO EMPILHAMENTO","ULTIMO EMPILHAMENTO","DURAÇÃO DO EMPILHAMENTO","data_operacao"
2026-04-13 21:08:25.051,2026-04-13 21:22:27.282,2026-04-14 08:52:49.494,"11:30:22",2026-04-14 01:21:36.147,2026-04-14 13:12:59.424,"11:51:23",2026-04-14 00:17:00.652,2026-04-14 13:17:12.564,"13:00:11","2026-04-13"
2026-03-05 20:33:04.499,2026-03-05 21:21:38.879,2026-03-05 22:51:15.947,"01:29:37",2026-03-06 00:44:19.431,2026-03-06 08:19:29.455,"07:35:10",2026-03-06 00:54:51.575,2026-03-06 02:20:55.759,"01:26:04","2026-03-05"
2026-03-26 20:36:40.338,2026-03-26 21:09:03.938,2026-03-27 10:27:18.162,"13:18:14",2026-03-27 00:49:59.817,2026-03-28 07:47:50.648,"06:57:50",2026-03-27 02:12:19.328,2026-03-29 18:19:08.044,"16:06:48","2026-03-26"
2026-03-07 07:23:20.407,2026-03-07 07:24:55.058,2026-03-07 12:22:15.183,"04:57:20",2026-03-07 10:57:34.690,2026-03-07 15:42:18.157,"04:44:43",2026-03-07 10:45:06.188,2026-03-07 16:34:00.270,"05:48:54","2026-03-07"
2026-03-27 19:30:38.331,2026-03-27 21:18:25.407,2026-03-28 07:13:59.543,"09:55:34",2026-03-28 01:04:50.787,2026-03-28 07:48:37.266,"06:43:46",2026-03-28 01:35:28.708,2026-03-28 07:41:34.556,"06:06:05","2026-03-27"
2026-03-09 21:07:41.091,2026-03-09 21:25:31.111,2026-03-09 23:08:51.149,"01:43:20",2026-03-10 00:39:16.568,2026-03-10 09:55:37.604,"09:16:21",2026-03-10 02:09:55.183,2026-03-10 05:09:49.065,"02:59:53","2026-03-09"
2026-03-10 21:57:32.528,2026-03-10 22:01:41.092,2026-03-11 00:44:13.856,"02:42:32",2026-03-11 00:45:28.135,2026-03-11 02:55:44.693,"02:10:16",2026-03-11 00:01:12.500,2026-03-11 03:06:48.855,"03:05:36","2026-03-10"
2026-03-28 18:48:49.096,2026-03-29 07:10:35.311,2026-03-29 16:40:17.917,"09:29:42",2026-03-29 08:44:46.270,2026-03-30 21:02:32.445,"12:17:46",2026-03-29 10:03:40.288,2026-03-29 18:42:00.418,"08:38:20","2026-03-28"
2026-03-11 21:26:56.903,2026-03-11 21:32:56.288,2026-03-12 04:44:56.546,"07:12:00",2026-03-11 23:45:18.585,2026-03-12 11:45:26.297,"12:00:07",2026-03-11 22:47:43.642,2026-03-12 11:45:58.067,"12:58:14","2026-03-11"
2026-03-12 21:22:46.474,2026-03-12 21:24:31.223,2026-03-13 05:33:21.739,"08:08:50",2026-03-12 23:24:10.450,2026-03-13 06:06:47.463,"06:42:37",2026-03-13 00:14:10.201,2026-03-13 05:48:50.323,"05:34:40","2026-03-12"
2026-03-30 21:23:09.714,2026-03-30 21:24:19.810,2026-03-31 05:45:47.849,"08:21:28",2026-03-31 00:59:41.462,2026-03-31 06:36:14.397,"05:36:32",2026-03-30 22:36:53.562,2026-03-31 06:37:05.301,"08:00:11","2026-03-30"
2026-03-13 21:57:45.612,2026-03-14 07:21:08.097,2026-03-14 12:42:24.749,"05:21:16",2026-03-14 11:13:38.076,2026-03-14 15:00:38.913,"03:47:00",2026-03-14 11:36:46.712,2026-03-14 15:15:36.547,"03:38:49","2026-03-13"
2026-03-03 22:00:01.251,2026-03-03 22:14:50.703,2026-03-03 23:21:12.687,"01:06:21",2026-03-04 00:47:16.007,2026-03-04 01:36:29.321,"00:49:13",2026-03-04 00:30:04.835,2026-03-04 01:42:19.300,"01:12:14","2026-03-03"
2026-03-16 22:30:18.837,2026-03-16 22:31:54.584,2026-03-17 02:26:46.993,"03:54:52",2026-03-17 00:49:24.461,2026-03-17 02:56:57.669,"02:07:33",2026-03-17 00:25:50.548,2026-03-17 02:59:56.054,"02:34:05","2026-03-16"
2026-03-04 20:28:46.919,2026-03-04 21:28:04.522,2026-03-04 23:19:18.632,"01:51:14",2026-03-05 00:48:21.806,2026-03-05 10:10:03.661,"09:21:41",2026-03-05 02:00:55.028,2026-03-05 02:21:54.122,"00:20:59","2026-03-04"
2026-03-17 20:42:31.695,2026-03-17 21:09:55.941,2026-03-18 02:48:43.022,"05:38:47",2026-03-17 23:50:07.165,2026-03-18 05:17:20.265,"05:27:13",2026-03-18 01:57:25.111,2026-03-18 05:17:07.399,"03:19:42","2026-03-17"
2026-03-18 21:59:42.417,2026-03-18 22:04:01.328,2026-03-19 05:15:25.806,"07:11:24",2026-03-18 23:31:27.340,2026-03-19 05:15:21.793,"05:43:54",2026-03-18 23:10:08.151,2026-03-19 05:12:41.792,"06:02:33","2026-03-18"
2026-03-31 21:19:37.911,2026-03-31 21:23:50.518,2026-04-01 09:42:40.797,"12:18:50",2026-04-01 01:21:00.630,2026-04-01 09:49:34.030,"08:28:33",2026-03-31 23:52:44.693,2026-04-01 09:20:30.195,"09:27:45","2026-03-31"
2026-03-19 21:01:35.396,2026-03-19 21:14:34.961,2026-03-20 06:34:15.332,"09:19:40",2026-03-20 00:34:15.909,2026-03-20 12:12:46.640,"11:38:30",2026-03-19 23:40:19.973,2026-03-20 12:12:38.774,"12:32:18","2026-03-19"
2026-03-21 20:14:28.815,2026-03-22 07:29:12.402,2026-03-22 19:16:49.235,"11:47:36",2026-03-22 10:03:27.372,2026-03-23 15:12:33.658,"05:09:06",2026-03-22 10:05:24.802,2026-03-23 14:59:50.884,"04:54:26","2026-03-21"
2026-04-01 21:17:48.247,2026-04-01 21:21:02.099,2026-04-02 12:04:01.086,"14:42:58",2026-04-02 01:09:08.394,2026-04-02 12:05:05.385,"10:55:56",2026-04-01 23:24:48.811,2026-04-02 12:05:22.936,"12:40:34","2026-04-01"
2026-03-23 21:04:31.883,2026-03-23 21:24:12.884,2026-03-24 05:42:34.301,"08:18:21",2026-03-24 00:27:07.106,2026-03-24 13:26:31.248,"12:59:24",2026-03-24 00:58:57.748,2026-03-24 13:27:13.043,"12:28:15","2026-03-23"
2026-03-24 20:29:54.932,2026-03-24 21:01:19.906,2026-03-25 07:08:26.861,"10:07:06",2026-03-25 00:35:56.521,2026-03-25 09:29:26.232,"08:53:29",2026-03-25 01:00:17.006,2026-03-25 08:24:52.245,"07:24:35","2026-03-24"
2026-03-25 20:56:25.887,2026-03-25 21:05:40.580,2026-03-26 08:33:57.877,"11:28:17",2026-03-26 00:39:43.107,2026-03-26 19:06:06.007,"18:26:22",2026-03-26 00:16:00.852,2026-03-26 13:37:20.560,"13:21:19","2026-03-25"
2026-04-02 22:43:43.113,2026-04-04 08:57:58.816,2026-04-04 15:05:28.406,"06:07:29",2026-04-04 11:18:31.060,2026-04-04 16:42:51.060,"05:24:20",2026-04-04 09:24:05.614,2026-04-04 17:17:20.134,"07:53:14","2026-04-02"
2026-04-06 21:03:53.517,2026-04-06 21:18:10.791,2026-04-07 19:09:51.053,"21:51:40",2026-04-07 01:18:02.647,2026-04-07 19:11:04.496,"17:53:01",2026-04-06 23:38:07.723,2026-04-07 19:10:48.569,"19:32:40","2026-04-06"
2026-04-07 21:18:44.479,2026-04-07 21:29:40.414,2026-04-08 09:33:19.485,"12:03:39",2026-04-08 00:29:26.365,2026-04-08 09:18:50.454,"08:49:24",2026-04-08 00:25:51.059,2026-04-08 09:15:13.190,"08:49:22","2026-04-07"
2026-04-08 21:05:12.983,2026-04-08 21:16:17.005,2026-04-09 09:10:34.097,"11:54:17",2026-04-09 01:12:56.304,2026-04-09 09:16:08.563,"08:03:12",2026-04-09 00:38:38.776,2026-04-09 08:44:53.113,"08:06:14","2026-04-08"
2026-04-09 20:56:25.376,2026-04-09 21:18:10.110,2026-04-10 10:17:03.725,"12:58:53",2026-04-10 01:23:06.045,2026-04-10 10:17:34.671,"08:54:28",2026-04-10 01:29:44.120,2026-04-10 13:57:48.539,"12:28:04","2026-04-09"
2026-04-10 22:46:04.718,2026-04-11 07:22:54.191,2026-04-11 19:47:25.233,"12:24:31",2026-04-11 11:42:58.066,2026-04-13 09:29:30.473,"21:46:32",2026-04-11 11:46:48.980,2026-04-13 08:44:27.424,"20:57:38","2026-04-10"
