INÍCIO DA OPERAÇÃO,INÍCIO DO INTERVALO,FIM DO INTERVALO,FIM DA OPERAÇÃO,ULTIMO EMPILHAMENTO,DURAÇÃO,data_operacao
2026-03-05 20:33:04.499671,,,2026-03-06 06:30:00.000000,2026-03-06 02:20:55.759915,09:56:55,2026-03-05
2026-03-26 20:36:40.338630,2026-03-27 01:00:00,2026-03-27 02:00:00,2026-03-27 10:00:00.000000,2026-03-29 18:19:08.044657,12:23:19,2026-03-26
2026-03-07 07:23:20.407548,,,2026-03-07 17:00:00.000000,2026-03-07 16:34:00.270078,09:36:39,2026-03-07
2026-03-27 19:30:38.331356,,,2026-03-28 07:48:40.817453,2026-03-28 07:41:34.556849,12:18:02,2026-03-27
2026-03-09 21:07:41.091423,,,2026-03-10 06:30:00.000000,2026-03-10 05:09:49.065113,09:22:18,2026-03-09
2026-03-10 21:57:32.528999,,,2026-03-11 03:07:47.245840,2026-03-11 03:06:48.855893,05:10:14,2026-03-10
2026-04-13 21:08:25.051410,2026-04-14 01:00:00,2026-04-14 02:00:00,2026-04-14 09:00:00.000000,2026-04-14 13:17:12.564598,10:51:34,2026-04-13
2026-03-28 18:48:49.096835,,,2026-03-30 21:02:34.355871,2026-03-29 18:42:00.418292,02:13:45,2026-03-28
2026-03-11 21:26:56.903583,2026-03-12 01:00:00,2026-03-12 02:00:00,2026-03-12 06:30:00.000000,2026-03-12 11:45:58.067816,08:03:03,2026-03-11
2026-03-12 21:22:46.474337,2026-03-13 01:00:00,2026-03-13 02:00:00,2026-03-13 06:06:51.205405,2026-03-13 05:48:50.323690,07:44:04,2026-03-12
2026-03-30 21:23:09.714105,,,2026-03-31 06:42:10.432841,2026-03-31 06:37:05.301158,09:19:00,2026-03-30
2026-03-13 21:57:45.612186,2026-03-13 22:30:00,2026-03-14 08:00:00,2026-03-14 12:00:00.000000,2026-03-14 15:15:36.547721,04:32:14,2026-03-13
2026-03-03 22:00:01.251727,,,2026-03-04 02:00:00.000000,2026-03-04 01:42:19.300264,03:59:58,2026-03-03
2026-03-16 22:30:18.837331,2026-03-17 01:00:00,2026-03-17 02:00:00,2026-03-17 03:00:20.093689,2026-03-17 02:59:56.054105,03:30:01,2026-03-16
2026-03-04 20:28:46.919354,,,2026-03-05 06:30:00.000000,2026-03-05 02:21:54.122016,10:01:13,2026-03-04
2026-03-17 20:42:31.695060,2026-03-18 01:00:00,2026-03-18 02:00:00,2026-03-18 05:17:31.506695,2026-03-18 05:17:07.399357,07:34:59,2026-03-17
,2026-04-29 01:00:00,2026-04-29 02:00:00,2026-04-29 08:30:00.000000,,,
2026-03-18 21:59:42.417185,,,2026-03-19 05:11:49.872608,2026-03-19 05:12:41.792048,07:12:07,2026-03-18
2026-03-31 21:19:37.911337,2026-04-01 01:00:00,2026-04-01 02:00:00,2026-04-01 08:00:00.000000,2026-04-01 09:20:30.195611,09:40:22,2026-03-31
2026-03-19 21:01:35.396042,2026-03-20 01:00:00,2026-03-20 02:00:00,2026-03-20 07:00:00.000000,2026-03-20 12:12:38.774777,08:58:24,2026-03-19
2026-04-21 06:08:43.450982,2026-04-22 01:00:00,2026-04-22 02:00:00,2026-04-22 06:45:00.000000,2026-04-23 10:51:29.213184,23:36:16,2026-04-21
2026-03-21 20:14:28.815082,2026-03-21 20:30:00,2026-03-22 08:30:00,2026-03-23 15:12:40.588643,2026-03-23 14:59:50.884362,06:58:11,2026-03-21
2026-04-01 21:17:48.247663,2026-04-02 01:00:00,2026-04-02 02:00:00,2026-04-02 06:30:00.000000,2026-04-02 12:05:22.936527,08:12:11,2026-04-01
2026-03-23 21:04:31.883337,2026-03-24 01:00:00,2026-03-24 02:00:00,2026-03-24 06:30:00.000000,2026-03-24 13:27:13.043986,08:25:28,2026-03-23
2026-03-24 20:29:54.932013,2026-03-25 01:00:00,2026-03-25 02:00:00,2026-03-25 06:30:00.000000,2026-03-25 08:24:52.245311,09:00:05,2026-03-24
2026-04-14 21:08:37.443519,2026-04-15 01:00:00,2026-04-15 02:00:00,2026-04-15 11:43:25.086610,2026-04-15 11:41:42.833247,13:34:47,2026-04-14
2026-03-25 20:56:25.887843,2026-03-26 01:00:00,2026-03-26 02:00:00,2026-03-26 07:30:00.000000,2026-03-26 13:37:20.560369,09:33:34,2026-03-25
2026-04-02 22:43:43.113760,,,2026-04-04 17:19:56.546610,2026-04-04 17:17:20.134549,18:36:13,2026-04-02
2026-04-06 21:03:53.517015,2026-04-07 01:00:00,2026-04-07 02:00:00,2026-04-07 06:30:00.000000,2026-04-07 19:10:48.569529,08:26:06,2026-04-06
2026-04-07 21:18:44.479620,2026-04-08 01:00:00,2026-04-08 02:00:00,2026-04-08 09:00:00.000000,2026-04-08 09:15:13.190279,10:41:15,2026-04-07
2026-04-08 21:05:12.983017,2026-04-09 01:00:00,2026-04-09 02:00:00,2026-04-09 08:49:16.019233,2026-04-09 08:44:53.113779,10:44:03,2026-04-08
2026-04-15 21:23:11.265620,2026-04-16 01:00:00,2026-04-16 02:00:00,2026-04-16 08:30:00.000000,2026-04-16 08:34:26.956961,10:06:48,2026-04-15
2026-04-09 20:56:25.376063,,,2026-04-10 22:40:00.000000,2026-04-10 13:57:48.539151,01:43:34,2026-04-09
2026-04-10 22:46:04.718716,2026-04-10 23:30:00,2026-04-11 08:00:00,2026-04-13 08:48:57.633038,2026-04-13 08:44:27.424059,01:32:52,2026-04-10
2026-04-22 20:50:00.430948,,,2026-04-23 21:18:00.000000,2026-04-23 11:02:04.680008,00:27:59,2026-04-22
2026-04-16 21:33:58.751063,2026-04-17 01:00:00,2026-04-17 02:00:00,2026-04-17 07:20:00.000000,2026-04-17 10:59:55.452129,08:46:01,2026-04-16
2026-05-06 21:19:16.724673,,,2026-05-07 21:38:00.000000,2026-05-07 07:47:02.729816,00:18:43,2026-05-06
2026-04-23 21:21:49.195272,2026-04-24 01:00:00,2026-04-24 02:00:00,2026-04-24 08:50:06.777901,2026-04-24 08:00:11.781589,10:28:17,2026-04-23
2026-04-17 19:54:54.552124,2026-04-18 01:00:00,2026-04-18 02:00:00,2026-04-18 06:30:00.000000,2026-04-18 09:02:12.522901,09:35:05,2026-04-17
2026-04-30 23:33:13.700989,2026-05-02 12:00:00,2026-05-02 13:00:00,2026-05-02 19:30:00.000000,2026-05-04 07:32:38.133046,18:56:46,2026-04-30
2026-04-18 18:48:30.447521,2026-04-19 12:00:00,2026-04-19 13:00:00,2026-04-19 16:00:00.000000,2026-04-19 17:58:23.763609,20:11:29,2026-04-18
2026-04-25 21:16:12.422699,2026-04-26 12:00:00,2026-04-26 13:00:00,2026-04-26 21:50:00.000000,2026-04-27 22:55:27.211436,23:33:47,2026-04-25
2026-04-28 21:03:44.407640,,,2026-04-30 21:52:00.000000,2026-04-29 15:11:30.665014,00:48:15,2026-04-28
2026-04-29 21:55:43.357344,2026-04-30 01:00:00,2026-04-30 02:00:00,2026-04-30 05:45:08.718231,2026-04-30 05:50:40.231185,06:49:25,2026-04-29
2026-05-04 20:54:03.452885,,,2026-05-05 21:07:00.000000,2026-05-05 07:51:18.490394,00:12:56,2026-05-04
2026-05-09 00:06:04.854186,2026-05-09 12:00:00,2026-05-09 13:00:00,2026-05-09 18:50:00.000000,2026-05-11 12:39:22.895142,17:43:55,2026-05-09
2026-05-05 21:11:00.027433,2026-05-06 01:00:00,2026-05-06 02:00:00,2026-05-06 08:00:00.000000,2026-05-06 08:26:17.930866,09:48:59,2026-05-05
2026-05-07 21:50:30.424251,2026-05-08 01:00:00,2026-05-08 02:00:00,2026-05-08 07:30:00.000000,2026-05-08 07:52:54.292677,08:39:29,2026-05-07
2026-05-12 20:56:13.120502,2026-05-13 01:00:00,2026-05-13 02:00:00,2026-05-14 06:17:18.371631,2026-05-14 04:42:34.608405,08:21:05,2026-05-12
2026-05-11 21:48:46.430733,2026-05-12 01:00:00,2026-05-12 02:00:00,2026-05-12 04:00:00.000000,2026-05-12 21:03:16.937831,05:11:13,2026-05-11
2026-05-13 20:57:39.538934,2026-05-14 01:00:00,2026-05-14 02:00:00,2026-05-14 04:30:00.000000,2026-05-14 04:41:54.941068,06:32:20,2026-05-13
2026-05-14 21:54:28.405698,2026-05-15 01:00:00,2026-05-15 02:00:00,2026-05-15 07:15:00.000000,2026-05-15 07:42:39.628200,08:20:31,2026-05-14
2026-05-15 23:02:38.477632,2026-05-16 12:00:00,2026-05-16 13:00:00,2026-05-16 17:10:00.000000,2026-05-16 17:11:46.330247,17:07:21,2026-05-15
2026-05-18 21:35:04.389624,2026-05-19 01:00:00,2026-05-19 02:00:00,2026-05-22 07:22:17.829782,2026-05-20 22:05:22.468829,08:47:13,2026-05-18
2026-05-19 21:52:06.403033,2026-05-20 01:00:00,2026-05-20 02:00:00,2026-05-20 09:00:00.000000,2026-05-20 09:04:50.868774,10:07:53,2026-05-19
2026-05-20 22:28:08.025994,2026-05-21 01:00:00,2026-05-21 02:00:00,2026-05-22 07:22:56.214243,2026-05-22 07:21:46.551441,07:54:48,2026-05-20
2026-05-21 21:11:23.215050,2026-05-22 01:00:00,2026-05-22 02:00:00,2026-05-22 07:10:00.000000,2026-05-22 07:19:36.905376,08:58:36,2026-05-21
2026-05-22 21:46:21.281351,2026-05-23 12:00:00,2026-05-23 13:00:00,2026-05-23 19:30:00.000000,2026-05-23 19:39:10.474964,20:43:38,2026-05-22
2026-05-25 21:31:40.339084,2026-05-26 01:00:00,2026-05-26 02:00:00,2026-05-26 08:00:00.000000,2026-05-26 08:09:30.678436,09:28:19,2026-05-25
2026-08-24 21:00:07.878091,2026-08-25 01:00:00,2026-08-25 02:00:00,2026-08-25 06:25:00.000000,2026-08-25 06:24:53.205594,08:24:52,2026-08-24
2026-05-27 21:50:22.844758,2026-05-28 01:00:00,2026-05-28 02:00:00,2026-05-28 09:49:00.000000,2026-05-28 09:51:25.198867,10:58:37,2026-05-27
2026-05-28 21:18:13.117929,2026-05-29 01:00:00,2026-05-29 02:00:00,2026-06-02 06:53:14.462339,2026-06-02 06:49:49.251444,08:35:01,2026-05-28
2026-06-01 22:22:33.067935,,,2026-06-02 06:48:48.343150,2026-06-02 06:38:40.100216,08:26:15,2026-06-01
2026-08-25 20:35:10.664050,2026-08-26 01:00:00,2026-08-26 02:00:00,2026-08-26 06:50:00.000000,2026-08-26 06:57:40.106376,09:14:49,2026-08-25
2026-06-02 21:18:35.203112,2026-06-03 01:00:00,2026-06-03 02:00:00,2026-06-03 07:10:00.000000,2026-06-04 07:41:55.711503,08:51:24,2026-06-02
2026-06-03 21:02:17.592856,2026-06-04 01:00:00,2026-06-04 02:00:00,2026-06-04 07:25:00.000000,2026-06-04 07:41:46.328566,09:22:42,2026-06-03
2026-06-05 20:53:21.280003,2026-06-06 12:00:00,2026-06-06 13:00:00,2026-06-06 15:26:00.000000,2026-06-06 15:31:39.744846,17:32:38,2026-06-05
2026-08-26 21:55:40.638490,2026-08-27 01:00:00,2026-08-27 02:00:00,2026-08-27 06:45:00.000000,2026-08-27 07:08:08.500593,07:49:19,2026-08-26
2026-06-08 22:31:14.236564,,,2026-06-09 07:29:48.612815,2026-06-09 07:29:26.307229,08:58:34,2026-06-08
2026-06-09 21:37:08.119377,,,2026-06-10 22:40:00.000000,2026-06-10 08:49:03.388980,01:02:51,2026-06-09
2026-09-28 21:44:50.850348,2026-09-29 01:00:00,2026-09-29 02:00:00,2026-09-29 04:00:00.000000,2026-09-29 06:10:04.430112,05:15:09,2026-09-28
2026-06-10 22:45:36.473908,,,2026-06-11 11:21:10.780057,2026-06-11 09:58:06.621945,12:35:34,2026-06-10
2026-08-27 21:42:09.205897,2026-08-28 01:00:00,2026-08-28 02:00:00,2026-08-28 08:00:00.000000,2026-08-28 08:02:29.494858,09:17:50,2026-08-27
2026-06-11 22:11:42.833739,2026-06-12 01:00:00,2026-06-12 02:00:00,2026-06-12 10:18:00.000000,2026-06-12 10:20:50.361585,11:06:17,2026-06-11
2026-06-13 19:10:51.750850,,,2026-07-06 20:49:00.000000,2026-06-14 17:18:53.702606,01:38:08,2026-06-13
2026-07-06 20:57:16.735302,,,2026-08-07 20:53:00.000000,,23:55:43,2026-07-06
2026-09-16 20:21:05.479601,,2026-09-17 21:21:00,2026-09-17 21:39:00.000000,2026-09-17 06:38:47.030978,01:17:54,2026-09-16
2026-08-07 20:59:22.811289,,,2026-08-10 15:20:00.000000,,18:20:37,2026-08-07
2026-08-10 21:08:07.448466,,,2026-08-11 03:21:45.073779,2026-08-11 05:47:36.933862,06:13:37,2026-08-10
2026-08-12 21:08:35.821763,,,2026-08-13 06:20:41.445448,2026-08-13 06:20:23.673353,09:12:05,2026-08-12
2026-08-29 20:10:32.688717,2026-08-30 12:00:00,2026-08-30 13:00:00,2026-08-30 19:18:58.381289,2026-08-30 20:14:20.645243,22:08:25,2026-08-29
2026-08-13 22:24:04.733193,,,2026-08-14 07:13:49.911589,2026-08-14 07:11:48.445679,08:49:45,2026-08-13
2026-08-14 21:03:00.721621,,,2026-08-17 15:21:00.000000,2026-08-15 17:34:51.600068,18:17:59,2026-08-14
2026-08-17 20:07:53.649235,2026-08-18 01:00:00,2026-08-18 02:00:00,2026-08-18 06:30:00.000000,2026-08-19 21:51:31.792075,09:22:06,2026-08-17
2026-09-01 20:54:17.523310,2026-09-02 01:00:00,2026-09-02 02:00:00,2026-09-03 07:22:56.006156,2026-09-03 07:21:41.109554,09:28:38,2026-09-01
2026-08-18 20:53:57.695190,2026-08-19 01:00:00,2026-08-19 02:00:00,2026-08-19 07:00:00.000000,,09:06:02,2026-08-18
2026-08-19 21:59:58.364742,2026-08-20 01:00:00,2026-08-20 02:00:00,2026-08-20 06:30:00.000000,2026-08-20 06:35:57.568394,07:30:01,2026-08-19
2026-09-17 21:42:55.985182,2026-09-18 01:00:00,2026-09-18 02:00:00,2026-09-18 09:00:00.000000,2026-09-18 09:17:03.321429,10:17:04,2026-09-17
2026-08-20 21:13:55.919532,2026-08-21 01:00:00,2026-08-21 02:00:00,2026-08-21 07:30:00.000000,2026-08-21 08:13:00.631372,09:16:04,2026-08-20
2026-09-02 21:14:07.961143,2026-09-03 01:00:00,2026-09-03 02:00:00,2026-09-03 07:15:00.000000,2026-09-03 07:14:19.060767,09:00:52,2026-09-02
2026-08-22 18:55:13.723891,,,2026-08-22 21:00:00.000000,2026-08-23 17:45:14.898453,02:04:46,2026-08-22
,,,2026-08-23 17:00:00.000000,,,
2026-09-29 21:46:40.164851,,,2026-09-30 07:42:36.965188,2026-09-30 07:39:10.245438,09:55:56,2026-09-29
2026-09-03 21:16:10.236327,2026-09-04 01:00:00,2026-09-04 02:00:00,2026-09-04 07:40:00.000000,2026-09-15 22:05:38.209783,09:23:49,2026-09-03
,2026-09-05 01:00:00,2026-09-05 02:00:00,2026-09-05 06:30:00.000000,,,
2026-09-04 22:30:39.296575,2026-09-08 01:00:00,2026-09-08 02:00:00,2026-09-08 06:45:00.000000,2026-09-08 06:58:01.553840,07:14:20,2026-09-04
2026-09-08 21:16:11.698330,2026-09-09 01:00:00,2026-09-09 02:00:00,2026-09-09 07:50:00.000000,2026-09-09 23:44:34.655196,09:33:48,2026-09-08
2026-09-10 21:27:04.276565,,,2026-09-11 21:40:00.000000,2026-09-11 02:17:30.883770,00:12:55,2026-09-10
,2026-09-18 22:00:00,2026-09-18 23:00:00,2026-09-18 23:49:00.000000,,,
2026-09-11 21:47:13.511631,,,2026-09-14 21:51:00.000000,2026-09-14 22:06:16.919900,00:03:46,2026-09-11
2026-09-14 22:06:19.491711,,,2026-09-15 21:27:00.000000,,23:20:40,2026-09-14
2026-09-15 22:05:56.201121,2026-09-16 01:00:00,2026-09-16 02:00:00,2026-09-16 07:15:00.000000,2026-09-16 07:15:47.572312,08:09:03,2026-09-15
2026-09-18 20:59:13.964186,2026-09-19 12:00:00,2026-09-19 13:00:00,2026-09-19 16:45:00.000000,2026-09-19 16:59:42.813624,18:45:46,2026-09-18
2026-10-01 21:55:35.669262,2026-10-01 01:00:00,2026-10-01 02:00:00,2026-10-02 07:23:14.859449,2026-10-02 07:22:43.405997,-15:-32:-20,2026-10-01
2026-09-21 21:43:23.377514,2026-09-22 01:00:00,2026-09-22 02:00:00,2026-09-22 08:35:00.000000,2026-09-22 08:40:08.180867,09:51:36,2026-09-21
2026-09-23 22:25:40.673520,2026-09-24 01:00:00,2026-09-24 02:00:00,2026-09-24 08:20:00.000000,2026-09-24 08:25:17.812535,08:54:19,2026-09-23
2026-09-24 21:52:29.844547,2026-09-25 01:00:00,2026-09-25 02:00:00,,2026-09-25 08:49:35.554269,09:52:30,2026-09-24
2026-09-26 20:01:22.752228,2026-09-27 12:00:00,2026-09-27 13:00:00,2026-09-27 19:55:00.000000,2026-09-27 19:53:10.752685,22:53:37,2026-09-26
,2026-10-02 01:00:00,2026-10-02 02:00:00,2026-10-02 07:20:00.000000,,,
,,,,,,
